Height (cm),Weight (kg),Age (years),Calories (kcal),Gender_Male,Activity Level_Sedentary,Activity Level_Moderate,Activity Level_Active,Chicken Salad,Grilled Chicken,Grilled Fish,Pasta,Pizza,Rice and Beans,Salad,Steak and Potatoes,Tuna Salad,Vegetable Stir Fry
166,97,20,3389.27,0,0,0,1,0,1,0,0,0,0,0,0,0,0
185,63,42,3293.17,1,0,0,1,0,0,1,0,0,0,0,0,0,0
162,61,40,1743.31,1,0,0,1,0,1,0,0,0,0,0,0,0,0
187,52,60,2031.44,0,0,0,1,1,0,0,0,0,0,0,0,0,0
173,63,23,2526.33,0,0,0,1,0,0,0,1,0,0,0,0,0,0
177,62,55,1687.4,0,0,0,1,0,0,0,0,0,0,0,0,1,0
178,51,32,2824.09,0,0,0,1,0,0,0,0,0,0,0,0,1,0
167,62,44,3370.92,0,0,1,0,0,0,0,0,0,0,1,0,0,0
166,98,36,1600.18,1,0,0,1,0,0,0,1,0,0,0,0,0,0
179,64,32,1692.97,0,0,0,1,0,0,0,0,0,1,0,0,0,0
180,72,19,2639.12,1,0,1,0,1,0,0,0,0,0,0,0,0,0
182,56,36,1748.03,1,0,0,1,1,0,0,0,0,0,0,0,0,0
161,88,38,3340.61,0,1,0,0,0,1,0,0,0,0,0,0,0,0
190,63,59,3361.25,0,0,0,1,0,0,0,0,0,0,0,0,1,0
161,66,43,2136.2,1,0,1,0,0,0,0,0,0,0,1,0,0,0
169,81,38,3385.71,0,1,0,0,0,0,0,0,1,0,0,0,0,0
171,83,36,2269.08,0,1,0,0,0,0,0,0,0,0,0,0,1,0
175,59,62,3114.22,0,0,1,0,0,0,0,0,0,0,1,0,0,0
178,96,57,1804.93,1,0,0,1,1,0,0,0,0,0,0,0,0,0
161,91,56,1582.11,1,0,0,1,0,0,0,0,0,0,0,0,0,1
170,51,29,2699.03,0,0,0,1,0,0,1,0,0,0,0,0,0,0
154,60,33,3244.68,0,1,0,0,0,0,0,0,0,0,1,0,0,0
189,50,36,1618.73,1,0,1,0,1,0,0,0,0,0,0,0,0,0
188,53,62,3039.21,0,0,0,1,0,0,0,0,1,0,0,0,0,0
167,79,19,3437.12,0,1,0,0,0,0,0,0,0,0,0,1,0,0
165,55,39,2618.78,1,1,0,0,0,0,1,0,0,0,0,0,0,0
168,88,52,1544.18,0,0,0,1,0,0,0,0,1,0,0,0,0,0
169,53,63,3080.81,1,0,0,1,1,0,0,0,0,0,0,0,0,0
169,73,59,1506.07,0,1,0,0,0,0,0,0,0,0,0,0,0,1
162,76,60,2562.94,1,1,0,0,0,0,0,1,0,0,0,0,0,0
150,84,19,1521.29,1,0,1,0,0,0,0,0,1,0,0,0,0,0
155,77,20,1934.74,0,0,0,1,0,1,0,0,0,0,0,0,0,0
152,51,50,1928.2,0,0,0,1,0,0,0,0,0,1,0,0,0,0
189,51,54,3083.94,1,0,1,0,0,0,0,0,0,0,0,0,0,1
161,95,63,3492.82,1,0,0,1,0,0,1,0,0,0,0,0,0,0
184,52,65,2464.23,0,0,1,0,0,0,0,0,1,0,0,0,0,0
163,74,39,2110.6,0,0,0,1,0,0,0,0,0,0,0,1,0,0
159,66,38,2491.03,0,0,0,1,0,0,0,0,0,0,0,0,0,1
182,85,61,2056.83,0,0,1,0,0,0,0,0,1,0,0,0,0,0
186,97,53,2884.94,1,0,1,0,0,0,0,0,0,0,0,0,0,1
168,77,27,3027.97,0,0,1,0,0,0,0,0,0,0,0,1,0,0
156,72,30,2528.37,1,1,0,0,0,0,0,0,0,0,0,0,0,1
151,99,34,2175.47,0,0,0,1,0,0,0,0,0,1,0,0,0,0
187,57,38,1598.44,1,0,0,1,0,0,0,0,1,0,0,0,0,0
170,57,62,1542.51,0,0,0,1,0,0,0,0,0,0,1,0,0,0
156,96,55,2826.0,1,1,0,0,0,0,0,0,0,0,0,0,1,0
175,86,39,2159.11,1,0,0,1,0,0,0,0,0,0,1,0,0,0
184,66,51,3371.34,1,0,0,1,0,0,0,0,1,0,0,0,0,0
176,100,47,2239.82,1,0,1,0,0,0,0,0,0,0,0,0,1,0
152,53,36,2211.76,1,0,1,0,0,1,0,0,0,0,0,0,0,0
169,83,50,1582.6,0,0,1,0,0,0,1,0,0,0,0,0,0,0
182,97,41,2890.48,1,0,0,1,0,0,0,1,0,0,0,0,0,0
174,57,43,3226.94,0,1,0,0,0,0,0,1,0,0,0,0,0,0
182,50,52,3228.8,1,0,1,0,0,0,0,0,0,0,0,0,1,0
177,86,32,2393.23,0,0,0,1,0,0,0,1,0,0,0,0,0,0
154,86,64,2853.95,0,1,0,0,0,0,0,0,0,0,0,1,0,0
157,86,62,2391.74,1,1,0,0,0,0,0,0,0,0,1,0,0,0
177,55,44,2052.61,1,0,0,1,0,0,0,0,0,1,0,0,0,0
177,95,61,3319.74,0,0,1,0,0,0,0,0,0,0,1,0,0,0
162,50,30,2538.19,1,0,0,1,0,0,1,0,0,0,0,0,0,0
189,81,34,1611.05,1,1,0,0,0,0,0,0,0,0,0,1,0,0
166,100,41,2593.51,0,1,0,0,0,0,1,0,0,0,0,0,0,0
153,66,18,2686.52,0,0,1,0,0,0,0,0,0,0,1,0,0,0
177,63,37,3011.14,0,0,0,1,0,0,0,0,1,0,0,0,0,0
164,89,28,1811.51,0,0,1,0,0,0,0,0,1,0,0,0,0,0
162,58,20,2568.12,1,1,0,0,0,0,0,0,0,0,0,0,0,1
177,59,61,2230.88,1,0,0,1,0,1,0,0,0,0,0,0,0,0
168,100,54,2600.82,0,0,1,0,1,0,0,0,0,0,0,0,0,0
157,57,45,2279.71,0,0,1,0,0,0,0,0,0,0,0,1,0,0
180,92,43,2698.01,0,0,0,1,1,0,0,0,0,0,0,0,0,0
184,60,19,2220.83,0,1,0,0,0,0,0,1,0,0,0,0,0,0
190,65,26,1710.89,1,1,0,0,0,0,0,0,0,0,0,0,0,1
154,80,45,1816.27,0,0,1,0,0,0,1,0,0,0,0,0,0,0
153,71,35,3164.38,1,0,0,1,0,0,0,0,0,1,0,0,0,0
150,92,41,2328.74,0,1,0,0,1,0,0,0,0,0,0,0,0,0
151,94,44,1580.59,0,1,0,0,0,0,0,0,0,0,0,0,1,0
183,73,35,3234.42,1,0,1,0,0,0,0,0,0,1,0,0,0,0
190,85,56,2788.33,0,1,0,0,0,0,0,1,0,0,0,0,0,0
190,59,34,2897.56,0,1,0,0,0,0,0,0,0,0,0,0,1,0
177,55,64,2967.96,0,0,0,1,0,0,0,0,0,1,0,0,0,0
171,66,46,2005.04,1,0,1,0,0,1,0,0,0,0,0,0,0,0
156,75,33,3419.01,1,1,0,0,0,0,0,0,0,1,0,0,0,0
169,70,41,2060.18,0,1,0,0,0,0,0,0,0,0,0,1,0,0
158,98,57,2681.67,0,1,0,0,1,0,0,0,0,0,0,0,0,0
157,73,45,2634.63,0,0,0,1,0,0,0,0,0,0,0,1,0,0
167,84,29,2167.25,1,0,1,0,1,0,0,0,0,0,0,0,0,0
186,90,23,2926.85,1,0,0,1,0,0,1,0,0,0,0,0,0,0
168,99,24,2506.74,1,0,0,1,0,0,0,0,1,0,0,0,0,0
163,58,65,2913.51,1,0,1,0,0,0,1,0,0,0,0,0,0,0
190,78,43,1579.21,0,1,0,0,0,0,0,0,0,1,0,0,0,0
187,73,57,3169.59,0,1,0,0,0,0,0,0,1,0,0,0,0,0
155,60,26,2616.77,0,1,0,0,0,0,0,0,0,0,0,1,0,0
166,56,54,1716.12,0,0,0,1,1,0,0,0,0,0,0,0,0,0
185,59,34,1742.62,0,1,0,0,0,0,0,0,0,0,1,0,0,0
185,96,33,2844.35,1,0,0,1,0,0,1,0,0,0,0,0,0,0
179,94,65,2975.5,1,0,1,0,0,0,0,0,1,0,0,0,0,0
154,75,48,1998.13,1,1,0,0,0,0,1,0,0,0,0,0,0,0
150,59,33,1911.93,0,0,1,0,0,0,0,0,0,0,1,0,0,0
151,89,22,2362.96,1,0,0,1,0,0,0,0,0,0,0,0,1,0
165,87,26,2182.6,0,1,0,0,0,0,0,0,0,0,0,0,1,0
176,76,63,2705.65,1,0,0,1,0,0,1,0,0,0,0,0,0,0
157,97,51,2972.59,0,1,0,0,0,0,0,1,0,0,0,0,0,0
157,68,27,2905.88,1,0,0,1,0,0,0,0,0,1,0,0,0,0
175,55,33,3291.09,1,0,1,0,0,0,0,0,0,0,0,0,0,1
152,50,64,2664.3,1,0,0,1,0,0,0,1,0,0,0,0,0,0
170,52,33,2992.77,0,0,0,1,0,0,0,0,1,0,0,0,0,0
176,81,20,1645.1,1,1,0,0,0,1,0,0,0,0,0,0,0,0
174,75,35,2026.79,0,0,1,0,0,0,0,0,0,0,0,1,0,0
168,88,45,2280.74,1,1,0,0,0,0,0,0,0,0,0,0,0,1
171,92,53,1812.72,0,1,0,0,0,1,0,0,0,0,0,0,0,0
159,55,40,2474.79,0,0,1,0,0,0,0,0,0,0,0,1,0,0
151,72,40,2747.1,1,0,1,0,0,0,0,0,1,0,0,0,0,0
150,68,60,2981.07,1,0,1,0,0,0,0,0,0,0,1,0,0,0
158,65,25,2958.47,1,0,1,0,0,0,0,0,0,1,0,0,0,0
178,63,42,3351.91,1,0,1,0,0,0,0,0,0,0,0,0,0,1
173,59,32,2279.42,0,1,0,0,0,0,0,0,1,0,0,0,0,0
158,82,20,1642.96,1,0,0,1,1,0,0,0,0,0,0,0,0,0
158,74,20,3464.6,0,1,0,0,0,0,0,0,0,1,0,0,0,0
181,66,59,1793.58,1,0,1,0,0,1,0,0,0,0,0,0,0,0
183,79,55,3444.78,0,1,0,0,0,0,0,0,0,0,1,0,0,0
155,65,28,2109.63,1,0,1,0,0,0,0,1,0,0,0,0,0,0
179,74,38,2900.78,0,0,0,1,0,0,1,0,0,0,0,0,0,0
169,91,19,2077.18,1,0,0,1,0,0,0,0,0,1,0,0,0,0
156,76,32,1582.28,1,1,0,0,1,0,0,0,0,0,0,0,0,0
184,56,21,3131.67,1,0,1,0,0,0,0,0,0,0,0,0,1,0
164,96,28,2003.83,1,1,0,0,0,0,0,0,0,0,0,1,0,0
167,89,53,1844.26,0,1,0,0,0,1,0,0,0,0,0,0,0,0
166,84,57,2570.96,1,1,0,0,0,0,0,0,1,0,0,0,0,0
161,97,30,2831.31,1,0,0,1,1,0,0,0,0,0,0,0,0,0
162,55,65,1853.97,1,0,0,1,0,0,0,0,0,1,0,0,0,0
182,55,48,2148.67,0,1,0,0,0,0,0,1,0,0,0,0,0,0
161,86,57,1959.59,1,0,0,1,0,0,0,0,0,0,0,1,0,0
164,100,18,2905.41,1,0,0,1,0,0,0,1,0,0,0,0,0,0
167,60,59,1689.23,0,1,0,0,0,0,0,0,0,0,1,0,0,0
168,52,53,1506.96,0,1,0,0,0,0,0,0,1,0,0,0,0,0
163,62,51,3325.78,1,1,0,0,0,1,0,0,0,0,0,0,0,0
167,58,19,1694.74,0,1,0,0,0,0,0,0,0,1,0,0,0,0
150,94,29,2791.6,0,0,1,0,0,0,0,0,0,0,1,0,0,0
167,51,62,1770.91,1,0,1,0,0,1,0,0,0,0,0,0,0,0
183,91,40,2403.69,1,1,0,0,0,0,0,0,0,1,0,0,0,0
170,59,58,1817.73,0,1,0,0,0,0,0,0,0,0,1,0,0,0
157,85,41,2945.7,1,1,0,0,0,1,0,0,0,0,0,0,0,0
168,92,26,1711.54,1,1,0,0,0,0,0,0,1,0,0,0,0,0
189,60,61,1944.26,0,0,0,1,1,0,0,0,0,0,0,0,0,0
174,58,31,2719.98,0,1,0,0,0,0,0,0,0,0,1,0,0,0
169,84,38,2987.92,0,1,0,0,1,0,0,0,0,0,0,0,0,0
183,79,56,3166.63,0,0,1,0,0,0,0,0,0,0,0,0,1,0
164,59,53,2307.26,1,1,0,0,0,0,0,1,0,0,0,0,0,0
161,100,44,3055.09,1,0,0,1,0,0,0,1,0,0,0,0,0,0
186,81,19,2070.82,1,1,0,0,0,0,0,1,0,0,0,0,0,0
184,67,49,3419.13,1,0,1,0,0,0,0,0,0,0,0,0,1,0
155,84,51,1693.84,1,1,0,0,0,0,0,0,0,0,1,0,0,0
180,89,61,2157.13,0,1,0,0,0,0,0,0,0,0,0,0,0,1
178,83,60,2977.88,1,0,1,0,0,1,0,0,0,0,0,0,0,0
160,55,25,2809.52,1,0,0,1,1,0,0,0,0,0,0,0,0,0
167,80,64,2872.2,0,1,0,0,0,0,0,0,0,1,0,0,0,0
154,95,32,3375.03,1,0,0,1,0,0,0,0,0,0,1,0,0,0
155,81,37,3030.47,1,0,0,1,0,0,0,0,0,0,0,1,0,0
158,60,31,3346.16,0,0,0,1,0,0,1,0,0,0,0,0,0,0
189,70,56,2869.91,1,0,1,0,0,0,0,0,1,0,0,0,0,0
159,76,35,2013.79,0,1,0,0,0,0,0,0,0,0,0,1,0,0
181,97,28,2199.84,1,1,0,0,0,0,0,0,0,0,1,0,0,0
159,84,50,2992.53,0,1,0,0,0,0,1,0,0,0,0,0,0,0
177,99,40,3005.2,1,1,0,0,0,0,0,1,0,0,0,0,0,0
151,77,38,1597.64,1,1,0,0,0,0,0,0,1,0,0,0,0,0
179,94,65,2690.32,1,1,0,0,1,0,0,0,0,0,0,0,0,0
181,100,35,2288.33,1,1,0,0,1,0,0,0,0,0,0,0,0,0
178,64,53,1900.37,1,0,0,1,1,0,0,0,0,0,0,0,0,0
163,80,28,1775.31,0,0,0,1,0,0,0,1,0,0,0,0,0,0
179,100,61,3118.18,1,0,0,1,0,0,0,0,0,0,0,0,1,0
157,58,20,2650.95,0,0,1,0,0,0,0,0,0,0,0,1,0,0
159,87,45,3430.59,1,0,0,1,0,0,0,0,0,0,0,0,0,1
176,62,45,2794.06,1,0,0,1,0,0,0,1,0,0,0,0,0,0
162,70,33,2151.58,0,0,0,1,0,0,0,0,1,0,0,0,0,0
170,93,38,1735.1,0,1,0,0,0,0,0,0,1,0,0,0,0,0
160,50,55,2520.57,0,1,0,0,1,0,0,0,0,0,0,0,0,0
177,60,36,2208.91,0,0,0,1,1,0,0,0,0,0,0,0,0,0
189,73,44,1823.02,1,1,0,0,0,0,0,0,0,0,0,0,0,1
150,52,37,2062.88,1,1,0,0,0,0,1,0,0,0,0,0,0,0
177,55,37,2301.59,0,0,0,1,0,0,0,0,1,0,0,0,0,0
152,82,47,3138.6,0,1,0,0,0,0,0,0,0,0,1,0,0,0
174,57,62,2205.44,0,1,0,0,0,0,0,0,0,0,0,1,0,0
175,84,59,2051.58,1,1,0,0,0,0,0,0,0,0,0,1,0,0
188,74,26,2131.24,1,0,1,0,0,0,0,0,0,0,0,0,0,1
175,82,32,2760.76,1,0,1,0,0,0,0,0,0,0,0,1,0,0
183,85,37,3321.28,0,0,0,1,0,0,0,0,0,0,0,0,0,1
158,76,49,2663.3,0,0,0,1,0,0,0,0,0,0,1,0,0,0
181,89,38,2600.34,0,1,0,0,0,0,0,0,0,0,1,0,0,0
178,94,57,2985.04,1,1,0,0,0,0,1,0,0,0,0,0,0,0
171,88,49,2315.78,1,0,0,1,0,1,0,0,0,0,0,0,0,0
184,55,56,3254.89,1,1,0,0,0,0,0,0,0,0,1,0,0,0
164,65,48,2077.97,1,0,1,0,0,0,0,0,0,0,1,0,0,0
188,78,24,2436.87,1,0,0,1,0,0,0,1,0,0,0,0,0,0
173,92,58,2925.62,0,1,0,0,0,0,0,0,0,1,0,0,0,0
157,86,32,3340.57,0,0,1,0,0,0,0,0,0,0,0,0,0,1
150,65,36,2379.94,0,1,0,0,0,1,0,0,0,0,0,0,0,0
155,76,22,2651.9,1,0,0,1,0,0,0,0,0,0,0,1,0,0
172,90,20,1747.94,0,0,0,1,0,0,0,1,0,0,0,0,0,0
156,64,47,2324.43,0,0,1,0,0,0,0,0,0,0,0,1,0,0
189,62,31,2369.51,0,0,0,1,0,0,0,0,0,0,0,1,0,0
172,85,48,3416.2,0,1,0,0,0,0,0,0,1,0,0,0,0,0
160,91,41,2672.55,1,1,0,0,0,0,0,0,1,0,0,0,0,0
170,79,18,2024.18,0,1,0,0,0,0,0,0,1,0,0,0,0,0
151,57,38,2471.12,0,1,0,0,0,0,0,0,0,0,0,0,1,0
171,65,39,2870.75,0,1,0,0,0,0,0,0,1,0,0,0,0,0
170,61,54,2216.14,0,1,0,0,1,0,0,0,0,0,0,0,0,0
186,96,42,3229.84,1,0,1,0,0,0,0,1,0,0,0,0,0,0
157,96,57,2474.22,1,1,0,0,1,0,0,0,0,0,0,0,0,0
171,92,24,1670.29,1,0,0,1,0,0,1,0,0,0,0,0,0,0
163,70,64,2006.07,0,1,0,0,0,0,0,0,1,0,0,0,0,0
164,57,56,3153.49,1,0,0,1,0,0,0,0,0,0,1,0,0,0
176,74,60,3417.25,0,0,0,1,0,0,0,0,0,0,0,1,0,0
179,54,30,1545.69,1,0,0,1,0,0,1,0,0,0,0,0,0,0
156,81,53,2775.38,1,0,1,0,0,0,0,0,0,0,0,1,0,0
190,65,24,1708.32,1,0,0,1,1,0,0,0,0,0,0,0,0,0
169,83,47,2655.33,1,0,1,0,1,0,0,0,0,0,0,0,0,0
186,60,61,3285.72,1,0,0,1,0,0,1,0,0,0,0,0,0,0
153,74,48,3010.25,1,1,0,0,1,0,0,0,0,0,0,0,0,0
154,98,35,2696.98,1,0,1,0,0,0,0,0,0,0,0,0,1,0
162,83,65,1656.74,0,0,0,1,0,0,0,0,1,0,0,0,0,0
186,58,51,3402.42,1,0,1,0,0,0,0,0,0,1,0,0,0,0
182,69,49,2733.85,1,1,0,0,0,0,0,0,0,0,1,0,0,0
169,68,39,2350.38,0,0,1,0,0,0,0,0,0,0,0,0,1,0
155,70,38,2351.1,1,1,0,0,0,0,0,0,0,1,0,0,0,0
155,95,33,2879.45,1,1,0,0,0,1,0,0,0,0,0,0,0,0
182,63,50,1786.51,0,0,1,0,0,0,0,0,0,0,0,1,0,0
182,64,18,3084.84,1,0,1,0,0,0,1,0,0,0,0,0,0,0
178,98,39,2707.46,1,1,0,0,0,0,0,1,0,0,0,0,0,0
152,87,27,2691.76,0,0,0,1,0,0,0,0,0,0,0,0,1,0
165,59,34,1772.69,1,0,0,1,0,0,0,0,0,0,0,0,0,1
151,57,62,2770.05,1,1,0,0,0,0,0,0,0,0,0,1,0,0
165,95,63,2001.23,0,0,0,1,0,0,0,0,0,0,0,0,0,1
174,95,41,1883.88,0,0,1,0,0,0,0,1,0,0,0,0,0,0
165,84,45,3262.76,1,1,0,0,0,0,0,0,0,1,0,0,0,0
174,70,38,1581.55,0,0,0,1,0,0,0,0,1,0,0,0,0,0
187,58,21,2685.01,1,0,0,1,0,0,1,0,0,0,0,0,0,0
168,85,49,3347.6,1,0,1,0,0,1,0,0,0,0,0,0,0,0
182,59,50,1723.19,0,1,0,0,0,0,0,0,1,0,0,0,0,0
185,58,21,2103.99,1,1,0,0,0,0,0,0,0,1,0,0,0,0
169,78,64,1751.38,1,0,1,0,0,0,0,0,0,0,0,0,1,0
159,69,56,2561.72,0,0,1,0,0,0,0,0,0,0,0,0,0,1
184,69,21,2694.65,1,0,1,0,0,0,0,0,0,0,1,0,0,0
166,63,20,1940.62,0,1,0,0,0,0,0,0,0,1,0,0,0,0
177,74,31,3219.31,1,1,0,0,0,0,0,0,0,1,0,0,0,0
188,50,23,2035.1,1,1,0,0,1,0,0,0,0,0,0,0,0,0
159,83,55,2400.15,0,1,0,0,0,0,0,0,0,0,0,1,0,0
173,74,47,2965.31,0,0,1,0,0,1,0,0,0,0,0,0,0,0
163,75,47,1850.18,0,0,0,1,0,0,0,1,0,0,0,0,0,0
157,97,24,3106.3,0,0,1,0,0,0,0,0,0,0,0,0,0,1
188,54,20,2111.8,1,1,0,0,0,0,0,1,0,0,0,0,0,0
186,52,23,1502.11,1,0,1,0,0,0,0,0,1,0,0,0,0,0
159,71,51,3395.15,0,0,0,1,0,0,0,0,0,0,1,0,0,0
180,62,43,3401.13,1,0,0,1,0,0,0,1,0,0,0,0,0,0
155,95,52,1679.59,0,0,0,1,0,0,0,0,1,0,0,0,0,0
183,69,29,3034.04,1,0,0,1,0,0,0,0,0,0,1,0,0,0
159,64,21,2621.56,1,0,0,1,0,0,0,0,0,1,0,0,0,0
163,100,56,2344.79,1,1,0,0,1,0,0,0,0,0,0,0,0,0
151,93,23,2164.19,0,1,0,0,0,1,0,0,0,0,0,0,0,0
168,61,62,2892.2,0,0,1,0,0,0,0,0,0,0,0,0,1,0
157,59,28,3382.13,0,0,1,0,1,0,0,0,0,0,0,0,0,0
181,68,42,2139.36,0,0,0,1,0,0,0,0,1,0,0,0,0,0
162,97,26,1861.07,1,1,0,0,1,0,0,0,0,0,0,0,0,0
185,97,57,1907.61,1,0,0,1,0,0,0,0,0,0,0,0,0,1
157,83,24,3331.15,1,1,0,0,0,0,0,0,0,0,1,0,0,0
162,67,44,2945.06,1,1,0,0,0,0,0,1,0,0,0,0,0,0
165,68,24,1845.06,0,1,0,0,0,0,0,0,0,0,0,0,0,1
189,70,65,3171.95,1,0,1,0,0,0,0,0,0,1,0,0,0,0
169,64,52,1762.86,1,1,0,0,0,0,0,0,1,0,0,0,0,0
185,100,38,1799.65,1,0,0,1,1,0,0,0,0,0,0,0,0,0
164,71,54,2063.6,0,0,1,0,0,0,0,0,0,1,0,0,0,0
160,52,51,3364.21,1,0,0,1,0,0,0,1,0,0,0,0,0,0
154,68,33,3484.28,1,0,1,0,1,0,0,0,0,0,0,0,0,0
183,70,25,1966.36,0,1,0,0,0,0,0,0,1,0,0,0,0,0
159,89,49,3002.71,0,0,0,1,0,0,0,0,0,0,0,1,0,0
164,63,41,1626.26,1,0,1,0,1,0,0,0,0,0,0,0,0,0
182,75,18,1721.63,0,1,0,0,0,1,0,0,0,0,0,0,0,0
188,53,43,1923.21,0,1,0,0,0,0,0,0,0,0,0,1,0,0
158,59,32,2649.5,0,1,0,0,0,0,0,0,0,1,0,0,0,0
159,63,32,1661.55,0,0,1,0,0,0,0,0,0,0,0,0,1,0
176,89,22,3076.63,1,0,0,1,1,0,0,0,0,0,0,0,0,0
171,61,65,3433.95,1,0,1,0,0,1,0,0,0,0,0,0,0,0
185,54,24,2142.85,1,0,0,1,0,0,0,0,0,0,0,1,0,0
185,63,61,2063.33,1,0,1,0,0,0,1,0,0,0,0,0,0,0
168,85,31,3490.79,1,0,0,1,0,1,0,0,0,0,0,0,0,0
156,51,48,2929.22,0,0,1,0,0,0,1,0,0,0,0,0,0,0
166,74,58,2830.55,0,1,0,0,1,0,0,0,0,0,0,0,0,0
186,54,23,1939.49,0,1,0,0,0,0,1,0,0,0,0,0,0,0
190,84,62,3172.97,0,0,0,1,0,0,0,0,0,0,0,1,0,0
189,85,31,2000.8,1,0,0,1,0,0,0,0,0,0,0,1,0,0
173,95,45,2994.07,0,1,0,0,0,0,1,0,0,0,0,0,0,0
183,53,46,2977.06,1,0,0,1,0,0,1,0,0,0,0,0,0,0
159,95,57,3391.72,0,1,0,0,0,1,0,0,0,0,0,0,0,0
177,77,21,2403.22,0,0,0,1,0,0,0,0,0,1,0,0,0,0
183,88,24,2527.76,1,0,0,1,0,0,0,0,0,0,0,0,0,1
161,68,43,2262.47,1,1,0,0,1,0,0,0,0,0,0,0,0,0
173,96,50,1994.61,0,0,0,1,0,0,0,0,0,1,0,0,0,0
166,84,61,2344.68,0,0,0,1,1,0,0,0,0,0,0,0,0,0
168,64,32,2856.61,1,0,0,1,0,0,0,0,0,1,0,0,0,0
178,62,38,3084.79,1,0,1,0,0,0,0,0,0,0,0,0,1,0
163,64,60,1617.76,1,1,0,0,0,0,0,0,0,0,0,0,0,1
156,85,50,2315.98,1,0,1,0,0,0,1,0,0,0,0,0,0,0
159,98,35,3470.79,1,1,0,0,0,0,0,1,0,0,0,0,0,0
160,69,37,2765.46,1,0,0,1,0,1,0,0,0,0,0,0,0,0
181,89,54,2255.76,1,1,0,0,0,1,0,0,0,0,0,0,0,0
168,78,26,2960.24,1,0,1,0,0,0,0,0,0,0,0,0,1,0
172,58,29,2112.41,0,0,0,1,0,1,0,0,0,0,0,0,0,0
150,96,45,2656.93,0,0,0,1,0,0,1,0,0,0,0,0,0,0
154,86,52,2641.98,1,1,0,0,0,0,0,0,0,0,0,1,0,0
157,74,20,1512.45,0,0,1,0,0,0,0,0,0,0,1,0,0,0
184,83,29,1716.05,1,1,0,0,0,0,0,1,0,0,0,0,0,0
173,64,33,1926.93,0,0,0,1,0,0,0,0,0,0,0,0,0,1
161,85,27,3116.66,0,0,0,1,0,0,0,1,0,0,0,0,0,0
150,72,56,2911.17,1,0,1,0,0,0,0,0,0,1,0,0,0,0
180,71,52,3221.65,0,0,1,0,0,0,0,0,1,0,0,0,0,0
169,90,52,1908.17,1,1,0,0,0,0,0,0,0,0,0,1,0,0
161,90,23,3262.78,1,0,1,0,0,0,0,0,1,0,0,0,0,0
152,69,54,2482.89,1,1,0,0,0,0,0,0,0,0,0,1,0,0
155,83,33,2467.22,1,0,0,1,0,0,0,0,1,0,0,0,0,0
178,57,20,2275.79,1,0,0,1,0,0,0,0,1,0,0,0,0,0
185,97,47,3088.43,1,1,0,0,1,0,0,0,0,0,0,0,0,0
151,81,51,2117.24,1,1,0,0,0,0,0,0,0,0,1,0,0,0
150,83,29,2400.72,0,1,0,0,0,0,0,0,1,0,0,0,0,0
166,82,65,3245.08,1,0,1,0,0,1,0,0,0,0,0,0,0,0
187,61,22,2924.34,0,0,1,0,1,0,0,0,0,0,0,0,0,0
186,75,24,3381.26,1,0,1,0,0,0,0,0,0,0,1,0,0,0
189,68,54,2723.48,0,0,0,1,0,0,0,0,1,0,0,0,0,0
153,90,61,2221.38,0,1,0,0,1,0,0,0,0,0,0,0,0,0
188,81,61,3306.24,1,0,0,1,0,0,1,0,0,0,0,0,0,0
172,51,48,2775.13,1,0,1,0,0,1,0,0,0,0,0,0,0,0
170,69,64,2538.84,0,0,1,0,0,0,0,0,0,0,0,0,1,0
169,70,24,1869.46,0,1,0,0,0,0,0,0,0,1,0,0,0,0
182,95,20,1670.51,1,0,1,0,0,0,0,0,0,0,1,0,0,0
165,57,18,3249.74,1,0,1,0,0,0,0,0,0,0,1,0,0,0
168,80,53,2019.19,0,1,0,0,0,0,0,0,0,0,1,0,0,0
183,77,56,2009.41,0,0,0,1,0,0,0,0,0,0,0,0,0,1
177,95,29,2747.89,0,1,0,0,0,0,0,0,0,0,0,0,0,1
166,64,20,3154.39,1,0,0,1,0,1,0,0,0,0,0,0,0,0
159,55,50,3036.21,0,0,0,1,0,0,0,0,1,0,0,0,0,0
155,97,50,3388.63,0,0,1,0,0,0,0,0,0,1,0,0,0,0
177,87,20,2207.82,0,1,0,0,0,0,0,1,0,0,0,0,0,0
162,91,37,1666.61,0,1,0,0,0,1,0,0,0,0,0,0,0,0
177,77,21,1986.64,1,1,0,0,0,1,0,0,0,0,0,0,0,0
154,65,34,3026.18,1,1,0,0,0,0,0,0,0,0,0,0,0,1
185,61,65,2880.51,1,0,0,1,0,0,0,0,0,1,0,0,0,0
160,60,54,2043.86,0,0,0,1,0,0,0,1,0,0,0,0,0,0
187,69,53,2404.52,1,1,0,0,0,1,0,0,0,0,0,0,0,0
189,69,46,1551.08,1,0,0,1,1,0,0,0,0,0,0,0,0,0
150,93,39,2661.78,1,0,0,1,0,0,0,1,0,0,0,0,0,0
155,62,37,3322.34,1,0,0,1,1,0,0,0,0,0,0,0,0,0
152,85,29,2600.5,0,0,0,1,0,0,0,0,0,0,0,0,1,0
155,78,25,2816.72,1,1,0,0,0,0,0,0,0,1,0,0,0,0
168,75,19,3165.79,1,0,0,1,0,0,0,0,0,0,1,0,0,0
161,62,63,3322.07,0,0,1,0,0,0,0,0,0,0,1,0,0,0
177,89,48,3228.25,1,1,0,0,0,0,0,1,0,0,0,0,0,0
188,76,53,3183.72,1,0,0,1,0,0,1,0,0,0,0,0,0,0
176,54,62,2536.77,1,1,0,0,0,0,0,0,0,0,0,1,0,0
179,86,51,1831.93,1,1,0,0,1,0,0,0,0,0,0,0,0,0
171,90,63,2090.74,1,1,0,0,0,0,0,0,0,0,1,0,0,0
155,65,56,2401.05,1,1,0,0,1,0,0,0,0,0,0,0,0,0
167,99,32,2396.15,0,0,1,0,0,0,1,0,0,0,0,0,0,0
150,54,62,2424.17,1,0,1,0,0,0,0,0,0,1,0,0,0,0
167,73,59,2381.83,0,0,1,0,0,0,0,0,0,0,0,1,0,0
177,66,25,2684.11,1,0,1,0,0,0,0,0,0,0,0,1,0,0
174,59,30,2923.62,1,0,1,0,0,0,0,0,0,0,0,0,1,0
185,61,36,2258.68,0,1,0,0,0,0,0,0,0,0,0,0,0,1
162,50,56,2355.5,1,1,0,0,0,0,1,0,0,0,0,0,0,0
167,62,65,2959.94,0,0,0,1,0,0,0,1,0,0,0,0,0,0
173,62,42,2986.08,1,0,0,1,0,0,0,0,0,0,0,0,0,1
189,100,40,2414.86,1,0,1,0,0,0,0,0,0,1,0,0,0,0
165,62,31,3299.84,1,0,0,1,0,0,0,0,1,0,0,0,0,0
155,70,28,2306.92,1,0,0,1,0,0,0,1,0,0,0,0,0,0
183,81,63,1513.98,1,1,0,0,0,0,0,0,0,1,0,0,0,0
189,68,19,2513.0,1,1,0,0,0,0,0,0,0,0,0,0,0,1
170,70,63,3437.58,0,0,1,0,0,0,0,0,0,0,0,1,0,0
175,70,54,2323.56,1,0,0,1,0,0,0,0,0,0,1,0,0,0
162,66,49,1567.86,0,1,0,0,0,0,0,0,1,0,0,0,0,0
173,54,36,2725.26,0,1,0,0,0,0,0,0,0,0,0,1,0,0
175,78,23,2705.52,0,0,0,1,0,0,0,0,0,1,0,0,0,0
178,79,54,2180.75,1,0,0,1,0,0,0,0,0,0,0,0,0,1
158,90,40,2260.9,1,0,1,0,0,0,0,0,0,0,0,0,1,0
160,55,55,2183.88,0,1,0,0,0,0,0,0,0,0,0,0,0,1
188,69,41,2548.37,0,1,0,0,0,0,0,0,0,0,1,0,0,0
174,90,57,2788.87,1,1,0,0,0,0,1,0,0,0,0,0,0,0
182,76,47,3349.38,0,0,0,1,0,0,1,0,0,0,0,0,0,0
154,61,49,2552.59,1,0,1,0,0,0,0,0,0,0,0,0,0,1
185,70,19,1988.39,1,0,1,0,0,0,0,0,0,1,0,0,0,0
177,58,23,1701.4,0,0,1,0,0,0,0,1,0,0,0,0,0,0
177,71,45,3262.01,1,1,0,0,0,0,0,0,0,0,1,0,0,0
165,69,21,2863.63,0,0,1,0,0,1,0,0,0,0,0,0,0,0
150,71,39,2464.16,0,0,0,1,0,0,0,0,0,0,0,0,1,0
185,58,59,3467.33,0,0,0,1,0,1,0,0,0,0,0,0,0,0
156,62,41,1970.08,0,0,1,0,0,0,0,1,0,0,0,0,0,0
163,82,20,2441.41,0,0,0,1,0,0,0,0,0,0,0,0,0,1
167,50,47,2343.92,1,0,1,0,0,0,1,0,0,0,0,0,0,0
170,83,44,2898.41,1,0,1,0,0,0,0,0,0,0,0,0,0,1
185,66,43,2921.4,0,0,1,0,0,0,0,0,0,0,0,0,0,1
164,73,40,3340.52,0,0,1,0,0,0,0,0,0,0,0,1,0,0
165,69,26,2332.68,0,0,1,0,0,0,0,0,0,0,0,0,0,1
152,58,33,2920.53,0,1,0,0,0,1,0,0,0,0,0,0,0,0
162,50,22,2129.42,1,0,1,0,0,0,0,0,0,0,1,0,0,0
188,74,47,1872.8,1,0,1,0,0,0,0,0,1,0,0,0,0,0
152,61,50,2495.66,0,0,1,0,0,0,0,0,0,0,0,0,0,1
161,60,30,2977.17,1,0,0,1,0,0,0,0,0,1,0,0,0,0
163,93,38,1886.5,1,1,0,0,0,0,0,0,0,0,0,0,1,0
178,69,31,3481.93,1,0,0,1,0,0,0,0,0,0,1,0,0,0
156,77,18,2088.44,1,0,1,0,0,1,0,0,0,0,0,0,0,0
171,88,47,2786.12,0,1,0,0,1,0,0,0,0,0,0,0,0,0
172,51,35,1769.85,1,0,1,0,0,0,0,1,0,0,0,0,0,0
181,53,33,3158.4,1,1,0,0,0,0,0,1,0,0,0,0,0,0
182,55,49,1969.84,0,0,0,1,0,0,0,0,1,0,0,0,0,0
182,93,63,2380.16,0,0,1,0,0,0,0,0,0,0,0,0,0,1
190,73,36,1854.38,0,1,0,0,0,0,1,0,0,0,0,0,0,0
165,57,46,3386.18,1,1,0,0,0,1,0,0,0,0,0,0,0,0
155,56,63,1684.4,1,0,0,1,0,0,0,0,0,0,0,0,0,1
159,93,45,1556.28,1,0,0,1,0,0,0,0,0,0,0,0,0,1
186,75,37,2995.59,0,1,0,0,0,0,1,0,0,0,0,0,0,0
153,56,54,3101.37,0,0,0,1,0,0,0,0,0,0,0,0,0,1
169,87,20,2832.34,1,1,0,0,1,0,0,0,0,0,0,0,0,0
186,60,38,1650.2,0,1,0,0,0,0,0,1,0,0,0,0,0,0
159,55,47,2238.73,1,1,0,0,0,0,0,0,1,0,0,0,0,0
177,95,19,2697.13,1,0,0,1,0,0,0,0,1,0,0,0,0,0
165,73,31,1800.87,1,0,0,1,0,0,0,0,0,0,0,0,0,1
176,94,30,1526.05,1,0,0,1,1,0,0,0,0,0,0,0,0,0
160,64,58,2108.73,0,0,0,1,1,0,0,0,0,0,0,0,0,0
174,55,19,2218.1,0,1,0,0,0,0,0,0,1,0,0,0,0,0
151,56,19,2032.02,0,0,0,1,0,0,0,1,0,0,0,0,0,0
159,62,41,3341.31,1,0,0,1,1,0,0,0,0,0,0,0,0,0
160,51,62,2340.25,1,0,0,1,0,1,0,0,0,0,0,0,0,0
178,73,61,1709.74,1,0,1,0,0,0,0,0,1,0,0,0,0,0
168,53,59,2836.75,1,1,0,0,0,0,0,0,0,0,1,0,0,0
156,74,30,1747.2,1,0,0,1,0,0,0,0,0,0,1,0,0,0
155,71,39,2561.86,0,0,1,0,0,0,0,1,0,0,0,0,0,0
151,86,25,2056.19,0,0,0,1,0,0,0,0,0,0,0,0,0,1
180,95,52,2034.3,1,0,1,0,0,0,0,0,0,0,0,1,0,0
183,56,35,3005.4,1,0,0,1,0,0,0,0,0,0,0,1,0,0
159,80,39,2034.27,1,0,0,1,0,0,0,0,0,0,0,0,0,1
150,66,58,2143.73,0,1,0,0,0,1,0,0,0,0,0,0,0,0
185,94,52,3064.03,1,0,0,1,0,0,0,1,0,0,0,0,0,0
158,66,42,2356.66,0,0,0,1,0,1,0,0,0,0,0,0,0,0
170,93,23,2082.34,0,1,0,0,0,0,0,0,0,0,0,0,0,1
165,59,63,2507.96,0,0,1,0,0,0,0,0,0,1,0,0,0,0
166,62,23,2978.18,0,0,0,1,0,0,0,1,0,0,0,0,0,0
180,75,33,1684.3,1,0,1,0,0,0,0,0,0,0,0,1,0,0
156,69,30,2042.28,1,0,0,1,0,0,1,0,0,0,0,0,0,0
181,64,39,1668.99,0,1,0,0,0,0,0,0,0,0,1,0,0,0
168,60,63,2217.21,0,1,0,0,0,0,0,0,0,0,0,0,1,0
177,83,42,2185.81,1,0,1,0,0,0,1,0,0,0,0,0,0,0
186,62,51,2247.98,0,0,1,0,0,0,0,1,0,0,0,0,0,0
160,83,25,3021.95,0,0,1,0,0,0,0,0,0,0,0,0,0,1
178,81,40,1626.64,0,0,1,0,0,0,0,0,0,1,0,0,0,0
177,51,18,2495.0,0,0,1,0,0,0,0,0,0,0,0,0,0,1
166,90,18,3098.68,0,0,1,0,0,0,1,0,0,0,0,0,0,0
164,54,61,3394.71,1,0,1,0,0,0,0,1,0,0,0,0,0,0
151,75,47,3178.53,0,0,1,0,0,1,0,0,0,0,0,0,0,0
155,100,29,3476.04,0,0,0,1,0,0,0,0,0,0,0,1,0,0
159,52,29,3366.42,0,0,1,0,0,0,0,0,0,0,1,0,0,0
150,63,34,1806.16,1,0,1,0,0,0,0,0,0,0,0,0,0,1
185,66,18,2926.67,1,1,0,0,1,0,0,0,0,0,0,0,0,0
173,72,54,3296.46,0,0,0,1,0,0,0,0,0,0,1,0,0,0
160,63,33,2962.5,1,0,1,0,0,0,0,0,0,0,0,1,0,0
185,74,19,3420.49,1,0,1,0,0,0,1,0,0,0,0,0,0,0
150,58,62,3000.08,0,1,0,0,0,1,0,0,0,0,0,0,0,0
162,57,51,2408.1,0,0,1,0,0,0,1,0,0,0,0,0,0,0
181,97,47,2287.75,0,0,0,1,1,0,0,0,0,0,0,0,0,0
160,87,36,2420.27,1,0,1,0,0,0,0,0,0,0,1,0,0,0
153,58,43,3244.87,1,0,0,1,0,0,1,0,0,0,0,0,0,0
188,83,63,2775.43,0,0,1,0,0,0,0,0,0,0,0,0,1,0
155,84,47,1665.84,0,1,0,0,0,1,0,0,0,0,0,0,0,0
161,64,49,2827.74,0,0,0,1,0,0,0,0,0,0,0,0,0,1
185,95,44,3079.77,1,1,0,0,1,0,0,0,0,0,0,0,0,0
190,99,55,1555.31,1,0,1,0,0,0,0,0,0,0,0,0,0,1
159,60,29,1883.89,0,0,1,0,0,1,0,0,0,0,0,0,0,0
173,66,50,1597.35,0,1,0,0,0,0,0,0,0,0,1,0,0,0
179,66,18,2284.9,1,1,0,0,1,0,0,0,0,0,0,0,0,0
157,97,43,1818.52,1,0,1,0,0,0,0,1,0,0,0,0,0,0
178,73,49,3052.34,0,0,1,0,0,0,0,1,0,0,0,0,0,0
187,94,41,3270.91,0,0,0,1,0,0,0,0,0,1,0,0,0,0
164,79,26,2494.68,0,1,0,0,0,0,0,0,0,0,0,0,1,0
166,82,40,2897.22,0,0,1,0,0,0,0,1,0,0,0,0,0,0
190,51,58,3181.83,0,1,0,0,0,0,0,0,1,0,0,0,0,0
175,94,24,2000.35,1,1,0,0,0,0,1,0,0,0,0,0,0,0
153,52,38,2241.85,1,0,1,0,0,1,0,0,0,0,0,0,0,0
172,55,45,2988.6,1,0,0,1,0,0,0,0,0,0,1,0,0,0
151,50,30,3252.67,1,1,0,0,1,0,0,0,0,0,0,0,0,0
185,64,51,2045.83,1,1,0,0,0,0,0,0,0,0,0,0,0,1
180,88,24,3237.17,1,0,0,1,0,0,0,0,0,0,0,0,1,0
185,62,19,3054.04,0,1,0,0,0,0,0,0,0,1,0,0,0,0
169,54,32,3268.2,0,0,0,1,0,0,0,0,0,0,0,0,0,1
171,80,33,1790.0,1,0,1,0,1,0,0,0,0,0,0,0,0,0
177,81,35,3087.65,0,0,1,0,0,0,0,0,1,0,0,0,0,0
181,80,56,2152.94,1,0,0,1,0,0,0,0,0,0,0,1,0,0
177,67,51,3209.73,0,1,0,0,0,0,0,0,0,0,1,0,0,0
178,66,36,2414.56,0,0,1,0,0,0,0,0,0,0,0,1,0,0
157,97,64,1813.16,0,1,0,0,0,0,0,0,0,0,0,1,0,0
164,68,48,1731.54,1,0,0,1,0,0,0,0,0,0,1,0,0,0
164,67,28,2351.66,0,0,0,1,0,0,0,0,0,0,0,1,0,0
164,61,31,2783.22,0,0,1,0,0,0,0,0,0,0,0,0,1,0
173,99,37,2546.19,1,0,0,1,0,0,0,0,0,0,0,1,0,0
171,53,49,2727.09,0,0,1,0,0,0,0,0,1,0,0,0,0,0
165,92,35,2297.34,1,0,1,0,0,0,1,0,0,0,0,0,0,0
